,func_name,line,ncalls,ccalls,tottime,cumtime,func,callers
207,termIsVar,73,5671,0,0.0013269360000000001,0.0013269360000000001,"<code object termIsVar at 0x10ad30a30, file ""/Users/jannisgehring/VSCode/coursework-pyres/PyRes/terms.py"", line 73>",
216,termIsCompound,81,3677,0,0.0018795910000000001,0.0010544080000000002,"<code object termIsCompound at 0x10ad384e0, file ""/Users/jannisgehring/VSCode/coursework-pyres/PyRes/terms.py"", line 81>","[_lsprof.profiler_subentry(code=<code object termIsVar at 0x10ad30a30, file ""/Users/jannisgehring/VSCode/coursework-pyres/PyRes/terms.py"", line 73>, callcount=3677, reccallcount=0, totaltime=0.0008251830000000001, inlinetime=0.0008251830000000001)]"
206,__len__,90,1957,0,0.0006064870000000001,0.000467474,"<code object __len__ at 0x10ad30930, file ""/Users/jannisgehring/VSCode/coursework-pyres/PyRes/clauses.py"", line 90>","[_lsprof.profiler_subentry(code='<built-in method builtins.len>', callcount=1957, reccallcount=0, totaltime=0.000139013, inlinetime=0.000139013)]"
208,termFunc,89,1812,0,0.001420533,0.000524279,"<code object termFunc at 0x10ad30b30, file ""/Users/jannisgehring/VSCode/coursework-pyres/PyRes/terms.py"", line 89>","[_lsprof.profiler_subentry(code=""<method '__exit__' of 'sqlite3.Connection' objects>"", callcount=0, reccallcount=0, totaltime=0.0, inlinetime=0.0), _lsprof.profiler_subentry(code=<code object termIsCompound at 0x10ad384e0, file ""/Users/jannisgehring/VSCode/coursework-pyres/PyRes/terms.py"", line 81>, callcount=1811, reccallcount=0, totaltime=0.000893963, inlinetime=0.000519578), _lsprof.profiler_subentry(code=<code object termFunc at 0x10ad30b30, file ""/Users/jannisgehring/VSCode/coursework-pyres/PyRes/terms.py"", line 89>, callcount=1, reccallcount=0, totaltime=2.3250000000000003e-05, inlinetime=7.92e-07)]"
200,getLiteral,115,1552,0,0.001311363,0.000425587,"<code object getLiteral at 0x10ad28c90, file ""/Users/jannisgehring/VSCode/coursework-pyres/PyRes/clauses.py"", line 115>","[_lsprof.profiler_subentry(code='<built-in method builtins.len>', callcount=1552, reccallcount=0, totaltime=0.000885776, inlinetime=0.00040566200000000005)]"
245,NextUnfiltered,297,1124,0,0.00578179,0.003356589,"<code object NextUnfiltered at 0x13735b7d0, file ""/Users/jannisgehring/VSCode/coursework-pyres/PyRes/lexer.py"", line 297>","[_lsprof.profiler_subentry(code='<built-in method builtins.len>', callcount=1124, reccallcount=0, totaltime=0.00012990900000000002, inlinetime=0.00012990900000000002), _lsprof.profiler_subentry(code=""<method 'end' of 're.Match' objects>"", callcount=748, reccallcount=0, totaltime=0.00013878, inlinetime=0.00013878), _lsprof.profiler_subentry(code=<code object __init__ at 0x10aae1a30, file ""/Users/jannisgehring/VSCode/coursework-pyres/PyRes/lexer.py"", line 126>, callcount=375, reccallcount=0, totaltime=6.0077e-05, inlinetime=6.0077e-05), _lsprof.profiler_subentry(code=""<method 'match' of 're.Pattern' objects>"", callcount=6023, reccallcount=0, totaltime=0.0018858890000000002, inlinetime=0.0018858890000000002), _lsprof.profiler_subentry(code=""<method 'pop' of 'list' objects>"", callcount=749, reccallcount=0, totaltime=0.00013371700000000002, inlinetime=0.00013371700000000002), _lsprof.profiler_subentry(code=""<method 'start' of 're.Match' objects>"", callcount=374, reccallcount=0, totaltime=7.6829e-05, inlinetime=7.6829e-05)]"
217,isNegative,184,1094,0,9.424800000000001e-05,9.424800000000001e-05,"<code object isNegative at 0x10ad385d0, file ""/Users/jannisgehring/VSCode/coursework-pyres/PyRes/literals.py"", line 184>",
164,Next,288,979,0,0.0063406370000000005,0.000558847,"<code object Next at 0x10ab20200, file ""/Users/jannisgehring/VSCode/coursework-pyres/PyRes/lexer.py"", line 288>","[_lsprof.profiler_subentry(code=<code object NextUnfiltered at 0x13735b7d0, file ""/Users/jannisgehring/VSCode/coursework-pyres/PyRes/lexer.py"", line 297>, callcount=1124, reccallcount=0, totaltime=0.00578179, inlinetime=0.003356589)]"
185,edge_neighb_of_subset,83,966,0,0.00095867,0.00095867,"<code object edge_neighb_of_subset at 0x10ad170f0, file ""/Users/jannisgehring/VSCode/coursework-pyres/PyRes/alternatingpath.py"", line 83>",
224,,90,966,0,0.001338652,0.000379982,"<code object <lambda> at 0x10ad3a970, file ""/Users/jannisgehring/VSCode/coursework-pyres/PyRes/alternatingpath.py"", line 90>","[_lsprof.profiler_subentry(code=<code object edge_neighb_of_subset at 0x10ad170f0, file ""/Users/jannisgehring/VSCode/coursework-pyres/PyRes/alternatingpath.py"", line 83>, callcount=966, reccallcount=0, totaltime=0.00095867, inlinetime=0.00095867)]"
194,__init__,67,830,0,0.000209731,0.000209731,"<code object __init__ at 0x10ad28030, file ""/Users/jannisgehring/VSCode/coursework-pyres/PyRes/substitutions.py"", line 67>",
137,Push,200,750,0,0.00044740400000000004,0.00023453500000000002,"<code object Push at 0x10aa67660, file ""/Users/jannisgehring/VSCode/coursework-pyres/PyRes/lexer.py"", line 200>","[_lsprof.profiler_subentry(code=""<method 'append' of 'list' objects>"", callcount=750, reccallcount=0, totaltime=0.00021286900000000002, inlinetime=0.00021286900000000002)]"
138,Look,207,750,0,0.006897716000000001,0.000449999,"<code object Look at 0x10aa67770, file ""/Users/jannisgehring/VSCode/coursework-pyres/PyRes/lexer.py"", line 207>","[_lsprof.profiler_subentry(code=<code object Push at 0x10aa67660, file ""/Users/jannisgehring/VSCode/coursework-pyres/PyRes/lexer.py"", line 200>, callcount=750, reccallcount=0, totaltime=0.00044740400000000004, inlinetime=0.00023453500000000002), _lsprof.profiler_subentry(code=<code object Next at 0x10ab20200, file ""/Users/jannisgehring/VSCode/coursework-pyres/PyRes/lexer.py"", line 288>, callcount=750, reccallcount=0, totaltime=0.006000313, inlinetime=0.00042806100000000003)]"
267,mguTermList,151,725,0,0.005117531000000001,0.0021364260000000003,"<code object mguTermList at 0x1553de400, file ""/Users/jannisgehring/VSCode/coursework-pyres/PyRes/unification.py"", line 151>","[_lsprof.profiler_subentry(code='<built-in method builtins.len>', callcount=2307, reccallcount=0, totaltime=0.000228724, inlinetime=0.000228724), _lsprof.profiler_subentry(code=<code object termArgs at 0x10ad30c30, file ""/Users/jannisgehring/VSCode/coursework-pyres/PyRes/terms.py"", line 97>, callcount=138, reccallcount=0, totaltime=0.00011083000000000001, inlinetime=4.8943e-05), _lsprof.profiler_subentry(code=<code object composeBinding at 0x10ab217c0, file ""/Users/jannisgehring/VSCode/coursework-pyres/PyRes/substitutions.py"", line 150>, callcount=41, reccallcount=0, totaltime=7.0498e-05, inlinetime=4.9288e-05), _lsprof.profiler_subentry(code=<code object __init__ at 0x10ad28030, file ""/Users/jannisgehring/VSCode/coursework-pyres/PyRes/substitutions.py"", line 67>, callcount=41, reccallcount=0, totaltime=1.7458e-05, inlinetime=1.7458e-05), _lsprof.profiler_subentry(code=<code object occursCheck at 0x10ad88290, file ""/Users/jannisgehring/VSCode/coursework-pyres/PyRes/unification.py"", line 136>, callcount=41, reccallcount=0, totaltime=3.5958000000000004e-05, inlinetime=1.787e-05), _lsprof.profiler_subentry(code=<code object termIsVar at 0x10ad30a30, file ""/Users/jannisgehring/VSCode/coursework-pyres/PyRes/terms.py"", line 73>, callcount=1528, reccallcount=0, totaltime=0.00038241800000000004, inlinetime=0.00038241800000000004), _lsprof.profiler_subentry(code=""<method 'pop' of 'list' objects>"", callcount=1582, reccallcount=0, totaltime=0.00022290300000000002, inlinetime=0.00022290300000000002), _lsprof.profiler_subentry(code=<code object termIsCompound at 0x10ad384e0, file ""/Users/jannisgehring/VSCode/coursework-pyres/PyRes/terms.py"", line 81>, callcount=1456, reccallcount=0, totaltime=0.000763889, inlinetime=0.00043209000000000005), _lsprof.profiler_subentry(code=""<method 'extend' of 'list' objects>"", callcount=138, reccallcount=0, totaltime=2.8032000000000002e-05, inlinetime=2.8032000000000002e-05), _lsprof.profiler_subentry(code=<code object termFunc at 0x10ad30b30, file ""/Users/jannisgehring/VSCode/coursework-pyres/PyRes/terms.py"", line 89>, callcount=1454, reccallcount=638, totaltime=0.0005866900000000001, inlinetime=0.00039428300000000005)]"
202,mgu,210,725,0,0.005998019,0.000703678,"<code object mgu at 0x10ad29b30, file ""/Users/jannisgehring/VSCode/coursework-pyres/PyRes/unification.py"", line 210>","[_lsprof.profiler_subentry(code=<code object __init__ at 0x10ad28030, file ""/Users/jannisgehring/VSCode/coursework-pyres/PyRes/substitutions.py"", line 67>, callcount=725, reccallcount=0, totaltime=0.000170685, inlinetime=0.000170685), _lsprof.profiler_subentry(code=<code object __init__ at 0x10ad3a880, file ""/Users/jannisgehring/VSCode/coursework-pyres/PyRes/alternatingpath.py"", line 19>, callcount=4, reccallcount=0, totaltime=6.25e-07, inlinetime=6.25e-07), _lsprof.profiler_subentry(code=<code object mgu at 0x10ad29b30, file ""/Users/jannisgehring/VSCode/coursework-pyres/PyRes/unification.py"", line 210>, callcount=77, reccallcount=0, totaltime=0.000943921, inlinetime=0.000146217), _lsprof.profiler_subentry(code=""<method 'add' of 'set' objects>"", callcount=4, reccallcount=0, totaltime=3.6374e-05, inlinetime=3.6374e-05), _lsprof.profiler_subentry(code=<code object mguTermList at 0x1553de400, file ""/Users/jannisgehring/VSCode/coursework-pyres/PyRes/unification.py"", line 151>, callcount=724, reccallcount=318, totaltime=0.0026458840000000003, inlinetime=0.002030759)]"
219,isInferenceLit,206,528,0,4.6465e-05,4.6465e-05,"<code object isInferenceLit at 0x10ad387b0, file ""/Users/jannisgehring/VSCode/coursework-pyres/PyRes/literals.py"", line 206>",
241,resolution,75,486,0,0.003741102,0.00054832,"<code object resolution at 0x1371ce170, file ""/Users/jannisgehring/VSCode/coursework-pyres/PyRes/resolution.py"", line 75>","[_lsprof.profiler_subentry(code=<code object removeDupLits at 0x10aac7750, file ""/Users/jannisgehring/VSCode/coursework-pyres/PyRes/clauses.py"", line 221>, callcount=22, reccallcount=0, totaltime=5.8416000000000004e-05, inlinetime=2.1791000000000002e-05), _lsprof.profiler_subentry(code=<code object getLiteral at 0x10ad28c90, file ""/Users/jannisgehring/VSCode/coursework-pyres/PyRes/clauses.py"", line 115>, callcount=972, reccallcount=0, totaltime=0.000834622, inlinetime=0.00026683100000000003), _lsprof.profiler_subentry(code=<code object instantiate at 0x10ad28390, file ""/Users/jannisgehring/VSCode/coursework-pyres/PyRes/literals.py"", line 280>, callcount=30, reccallcount=0, totaltime=0.00020912300000000002, inlinetime=2.4291000000000002e-05), _lsprof.profiler_subentry(code=<code object setDerivation at 0x10ace1610, file ""/Users/jannisgehring/VSCode/coursework-pyres/PyRes/derivations.py"", line 81>, callcount=22, reccallcount=0, totaltime=4.001e-06, inlinetime=4.001e-06), _lsprof.profiler_subentry(code=<code object mgu at 0x10ad29b30, file ""/Users/jannisgehring/VSCode/coursework-pyres/PyRes/unification.py"", line 210>, callcount=239, reccallcount=0, totaltime=0.0017714220000000001, inlinetime=0.00017841300000000001), _lsprof.profiler_subentry(code=<code object flatDerivation at 0x10ab162a0, file ""/Users/jannisgehring/VSCode/coursework-pyres/PyRes/derivations.py"", line 221>, callcount=22, reccallcount=0, totaltime=4.7293e-05, inlinetime=3.7999e-05), _lsprof.profiler_subentry(code=<code object __init__ at 0x10ad1c630, file ""/Users/jannisgehring/VSCode/coursework-pyres/PyRes/clauses.py"", line 69>, callcount=22, reccallcount=0, totaltime=0.000182456, inlinetime=2.6202e-05), _lsprof.profiler_subentry(code=<code object isNegative at 0x10ad385d0, file ""/Users/jannisgehring/VSCode/coursework-pyres/PyRes/literals.py"", line 184>, callcount=972, reccallcount=0, totaltime=8.1656e-05, inlinetime=8.1656e-05), _lsprof.profiler_subentry(code=""<method 'extend' of 'list' objects>"", callcount=22, reccallcount=0, totaltime=3.7930000000000004e-06, inlinetime=3.7930000000000004e-06)]"
149,__init__,126,375,0,6.0077e-05,6.0077e-05,"<code object __init__ at 0x10aae1a30, file ""/Users/jannisgehring/VSCode/coursework-pyres/PyRes/lexer.py"", line 126>",
134,TestTok,222,357,0,0.006124123,0.000539325,"<code object TestTok at 0x10aa139f0, file ""/Users/jannisgehring/VSCode/coursework-pyres/PyRes/lexer.py"", line 222>","[_lsprof.profiler_subentry(code=<code object Look at 0x10aa67770, file ""/Users/jannisgehring/VSCode/coursework-pyres/PyRes/lexer.py"", line 207>, callcount=668, reccallcount=0, totaltime=0.005584798, inlinetime=0.00040274)]"
209,termArgs,97,346,0,0.000316401,0.00012591700000000002,"<code object termArgs at 0x10ad30c30, file ""/Users/jannisgehring/VSCode/coursework-pyres/PyRes/terms.py"", line 97>","[_lsprof.profiler_subentry(code=<code object termIsCompound at 0x10ad384e0, file ""/Users/jannisgehring/VSCode/coursework-pyres/PyRes/terms.py"", line 81>, callcount=346, reccallcount=0, totaltime=0.00019048400000000001, inlinetime=8.6371e-05)]"
135,CheckTok,236,176,0,0.0014054450000000002,6.844400000000001e-05,"<code object CheckTok at 0x10aa46cc0, file ""/Users/jannisgehring/VSCode/coursework-pyres/PyRes/lexer.py"", line 236>","[_lsprof.profiler_subentry(code=<code object TestTok at 0x10aa139f0, file ""/Users/jannisgehring/VSCode/coursework-pyres/PyRes/lexer.py"", line 222>, callcount=176, reccallcount=0, totaltime=0.001337001, inlinetime=0.000261645)]"
139,AcceptTok,247,152,0,0.0016760820000000002,9.343100000000001e-05,"<code object AcceptTok at 0x10aa67880, file ""/Users/jannisgehring/VSCode/coursework-pyres/PyRes/lexer.py"", line 247>","[_lsprof.profiler_subentry(code=<code object Next at 0x10ab20200, file ""/Users/jannisgehring/VSCode/coursework-pyres/PyRes/lexer.py"", line 288>, callcount=152, reccallcount=0, totaltime=0.000247496, inlinetime=9.8336e-05), _lsprof.profiler_subentry(code=<code object CheckTok at 0x10aa46cc0, file ""/Users/jannisgehring/VSCode/coursework-pyres/PyRes/lexer.py"", line 236>, callcount=152, reccallcount=0, totaltime=0.001335155, inlinetime=5.9816000000000005e-05)]"
142,apply,117,124,62,0.000366459,0.000142196,"<code object apply at 0x10aaa7480, file ""/Users/jannisgehring/VSCode/coursework-pyres/PyRes/substitutions.py"", line 117>","[_lsprof.profiler_subentry(code=<code object termArgs at 0x10ad30c30, file ""/Users/jannisgehring/VSCode/coursework-pyres/PyRes/terms.py"", line 97>, callcount=74, reccallcount=0, totaltime=9.1037e-05, inlinetime=2.5323e-05), _lsprof.profiler_subentry(code=<code object value at 0x10acde780, file ""/Users/jannisgehring/VSCode/coursework-pyres/PyRes/substitutions.py"", line 101>, callcount=50, reccallcount=0, totaltime=1.5626000000000003e-05, inlinetime=1.5626000000000003e-05), _lsprof.profiler_subentry(code=<code object apply at 0x10aaa7480, file ""/Users/jannisgehring/VSCode/coursework-pyres/PyRes/substitutions.py"", line 117>, callcount=62, reccallcount=0, totaltime=9.745700000000001e-05, inlinetime=4.583e-05), _lsprof.profiler_subentry(code=<code object termIsVar at 0x10ad30a30, file ""/Users/jannisgehring/VSCode/coursework-pyres/PyRes/terms.py"", line 73>, callcount=124, reccallcount=0, totaltime=2.8727e-05, inlinetime=2.8727e-05), _lsprof.profiler_subentry(code=""<method 'extend' of 'list' objects>"", callcount=74, reccallcount=0, totaltime=1.5585e-05, inlinetime=1.5585e-05), _lsprof.profiler_subentry(code=<code object termFunc at 0x10ad30b30, file ""/Users/jannisgehring/VSCode/coursework-pyres/PyRes/terms.py"", line 89>, callcount=74, reccallcount=0, totaltime=7.328800000000001e-05, inlinetime=4.0201000000000004e-05)]"
181,termWeight,255,104,52,0.00015091800000000002,7.011900000000001e-05,"<code object termWeight at 0x10ad14b70, file ""/Users/jannisgehring/VSCode/coursework-pyres/PyRes/terms.py"", line 255>","[_lsprof.profiler_subentry(code=<code object termArgs at 0x10ad30c30, file ""/Users/jannisgehring/VSCode/coursework-pyres/PyRes/terms.py"", line 97>, callcount=65, reccallcount=0, totaltime=5.5704e-05, inlinetime=2.5906000000000002e-05), _lsprof.profiler_subentry(code=<code object termWeight at 0x10ad14b70, file ""/Users/jannisgehring/VSCode/coursework-pyres/PyRes/terms.py"", line 255>, callcount=51, reccallcount=0, totaltime=4.2503e-05, inlinetime=1.991e-05), _lsprof.profiler_subentry(code=<code object termIsVar at 0x10ad30a30, file ""/Users/jannisgehring/VSCode/coursework-pyres/PyRes/terms.py"", line 73>, callcount=103, reccallcount=0, totaltime=2.3887e-05, inlinetime=2.3887e-05)]"
167,addClause,67,102,0,5.4254000000000006e-05,3.5339e-05,"<code object addClause at 0x10acde450, file ""/Users/jannisgehring/VSCode/coursework-pyres/PyRes/clausesets.py"", line 67>","[_lsprof.profiler_subentry(code=""<method 'append' of 'list' objects>"", callcount=102, reccallcount=0, totaltime=1.8915e-05, inlinetime=1.8915e-05)]"
193,termEqual,173,87,0,0.00024686900000000004,7.9435e-05,"<code object termEqual at 0x10ad21930, file ""/Users/jannisgehring/VSCode/coursework-pyres/PyRes/terms.py"", line 173>","[_lsprof.profiler_subentry(code=<code object termIsVar at 0x10ad30a30, file ""/Users/jannisgehring/VSCode/coursework-pyres/PyRes/terms.py"", line 73>, callcount=174, reccallcount=0, totaltime=4.1968e-05, inlinetime=4.1968e-05), _lsprof.profiler_subentry(code=<code object termFunc at 0x10ad30b30, file ""/Users/jannisgehring/VSCode/coursework-pyres/PyRes/terms.py"", line 89>, callcount=174, reccallcount=0, totaltime=0.000125466, inlinetime=4.725e-05)]"
218,isPositive,190,84,0,1.1174e-05,1.1174e-05,"<code object isPositive at 0x10ad386c0, file ""/Users/jannisgehring/VSCode/coursework-pyres/PyRes/literals.py"", line 190>",
175,setInferenceLit,196,84,0,1.2124000000000001e-05,1.2124000000000001e-05,"<code object setInferenceLit at 0x10ace1a70, file ""/Users/jannisgehring/VSCode/coursework-pyres/PyRes/literals.py"", line 196>",
192,isPropFalse,223,84,0,0.00037209,7.821e-05,"<code object isPropFalse at 0x10ad212f0, file ""/Users/jannisgehring/VSCode/coursework-pyres/PyRes/literals.py"", line 223>","[_lsprof.profiler_subentry(code=<code object atomIsConstTrue at 0x10ad38300, file ""/Users/jannisgehring/VSCode/coursework-pyres/PyRes/literals.py"", line 113>, callcount=47, reccallcount=0, totaltime=0.00015670400000000002, inlinetime=2.0289000000000002e-05), _lsprof.profiler_subentry(code=<code object isNegative at 0x10ad385d0, file ""/Users/jannisgehring/VSCode/coursework-pyres/PyRes/literals.py"", line 184>, callcount=84, reccallcount=0, totaltime=8.838e-06, inlinetime=8.838e-06), _lsprof.profiler_subentry(code=<code object isPositive at 0x10ad386c0, file ""/Users/jannisgehring/VSCode/coursework-pyres/PyRes/literals.py"", line 190>, callcount=84, reccallcount=0, totaltime=1.1174e-05, inlinetime=1.1174e-05), _lsprof.profiler_subentry(code=<code object atomIsConstFalse at 0x10ad383f0, file ""/Users/jannisgehring/VSCode/coursework-pyres/PyRes/literals.py"", line 120>, callcount=37, reccallcount=0, totaltime=0.000117164, inlinetime=1.4501e-05)]"
129,__init__,133,84,0,0.000145334,5.6409e-05,"<code object __init__ at 0x10a687480, file ""/Users/jannisgehring/VSCode/coursework-pyres/PyRes/literals.py"", line 133>","[_lsprof.profiler_subentry(code=<code object setInferenceLit at 0x10ace1a70, file ""/Users/jannisgehring/VSCode/coursework-pyres/PyRes/literals.py"", line 196>, callcount=84, reccallcount=0, totaltime=1.2124000000000001e-05, inlinetime=1.2124000000000001e-05), _lsprof.profiler_subentry(code=<code object termFunc at 0x10ad30b30, file ""/Users/jannisgehring/VSCode/coursework-pyres/PyRes/terms.py"", line 89>, callcount=84, reccallcount=0, totaltime=7.6801e-05, inlinetime=2.7755e-05)]"
150,LookLit,215,82,0,0.0013430800000000002,3.0162e-05,"<code object LookLit at 0x10aae1b30, file ""/Users/jannisgehring/VSCode/coursework-pyres/PyRes/lexer.py"", line 215>","[_lsprof.profiler_subentry(code=<code object Look at 0x10aa67770, file ""/Users/jannisgehring/VSCode/coursework-pyres/PyRes/lexer.py"", line 207>, callcount=82, reccallcount=0, totaltime=0.0013129180000000002, inlinetime=4.7259e-05)]"
158,__init__,174,78,0,1.1377000000000001e-05,1.1377000000000001e-05,"<code object __init__ at 0x10ab1b4b0, file ""/Users/jannisgehring/VSCode/coursework-pyres/PyRes/derivations.py"", line 174>",
221,__call__,72,68,0,0.00041474800000000005,5.042e-05,"<code object __call__ at 0x10ad38d50, file ""/Users/jannisgehring/VSCode/coursework-pyres/PyRes/heuristics.py"", line 72>","[_lsprof.profiler_subentry(code=<code object hEval at 0x10aae7e10, file ""/Users/jannisgehring/VSCode/coursework-pyres/PyRes/heuristics.py"", line 117>, callcount=33, reccallcount=8, totaltime=0.00017712200000000002, inlinetime=3.0247e-05), _lsprof.profiler_subentry(code=<code object hEval at 0x10acde890, file ""/Users/jannisgehring/VSCode/coursework-pyres/PyRes/heuristics.py"", line 97>, callcount=34, reccallcount=0, totaltime=1.0999000000000001e-05, inlinetime=1.0999000000000001e-05)]"
187,termCollectVars,210,64,32,0.00014074900000000002,5.3330000000000006e-05,"<code object termCollectVars at 0x10ad188d0, file ""/Users/jannisgehring/VSCode/coursework-pyres/PyRes/terms.py"", line 210>","[_lsprof.profiler_subentry(code=<code object termArgs at 0x10ad30c30, file ""/Users/jannisgehring/VSCode/coursework-pyres/PyRes/terms.py"", line 97>, callcount=44, reccallcount=0, totaltime=3.7625e-05, inlinetime=1.675e-05), _lsprof.profiler_subentry(code=<code object termCollectVars at 0x10ad188d0, file ""/Users/jannisgehring/VSCode/coursework-pyres/PyRes/terms.py"", line 210>, callcount=32, reccallcount=0, totaltime=6.237e-05, inlinetime=2.0367e-05), _lsprof.profiler_subentry(code=""<method 'add' of 'set' objects>"", callcount=20, reccallcount=0, totaltime=2.5499e-05, inlinetime=2.5499e-05), _lsprof.profiler_subentry(code=<code object termIsVar at 0x10ad30a30, file ""/Users/jannisgehring/VSCode/coursework-pyres/PyRes/terms.py"", line 73>, callcount=64, reccallcount=0, totaltime=2.4295e-05, inlinetime=2.4295e-05)]"
220,__call__,86,62,0,0.000439587,7.312800000000001e-05,"<code object __call__ at 0x10ad388a0, file ""/Users/jannisgehring/VSCode/coursework-pyres/PyRes/substitutions.py"", line 86>","[_lsprof.profiler_subentry(code=<code object apply at 0x10aaa7480, file ""/Users/jannisgehring/VSCode/coursework-pyres/PyRes/substitutions.py"", line 117>, callcount=62, reccallcount=0, totaltime=0.000366459, inlinetime=9.6366e-05)]"
197,instantiate,280,62,0,0.000587913,6.0161e-05,"<code object instantiate at 0x10ad28390, file ""/Users/jannisgehring/VSCode/coursework-pyres/PyRes/literals.py"", line 280>","[_lsprof.profiler_subentry(code=<code object __call__ at 0x10ad388a0, file ""/Users/jannisgehring/VSCode/coursework-pyres/PyRes/substitutions.py"", line 86>, callcount=62, reccallcount=0, totaltime=0.000439587, inlinetime=7.312800000000001e-05), _lsprof.profiler_subentry(code=<code object __init__ at 0x10a687480, file ""/Users/jannisgehring/VSCode/coursework-pyres/PyRes/literals.py"", line 133>, callcount=62, reccallcount=0, totaltime=8.816500000000001e-05, inlinetime=3.5491e-05)]"
141,__init__,60,57,0,7.3003e-05,3.8502000000000005e-05,"<code object __init__ at 0x10aa67bb0, file ""/Users/jannisgehring/VSCode/coursework-pyres/PyRes/derivations.py"", line 60>","[_lsprof.profiler_subentry(code=<code object setName at 0x10aa13890, file ""/Users/jannisgehring/VSCode/coursework-pyres/PyRes/derivations.py"", line 71>, callcount=57, reccallcount=0, totaltime=3.4501e-05, inlinetime=3.4501e-05)]"
190,__init__,69,57,0,0.000531663,8.657e-05,"<code object __init__ at 0x10ad1c630, file ""/Users/jannisgehring/VSCode/coursework-pyres/PyRes/clauses.py"", line 69>","[_lsprof.profiler_subentry(code=<code object __init__ at 0x10aa67bb0, file ""/Users/jannisgehring/VSCode/coursework-pyres/PyRes/derivations.py"", line 60>, callcount=57, reccallcount=0, totaltime=7.3003e-05, inlinetime=3.8502000000000005e-05), _lsprof.profiler_subentry(code=<code object isPropFalse at 0x10ad212f0, file ""/Users/jannisgehring/VSCode/coursework-pyres/PyRes/literals.py"", line 223>, callcount=84, reccallcount=0, totaltime=0.00037209, inlinetime=7.821e-05)]"
133,setName,71,57,0,3.4501e-05,3.4501e-05,"<code object setName at 0x10aa13890, file ""/Users/jannisgehring/VSCode/coursework-pyres/PyRes/derivations.py"", line 71>",
204,weight,298,52,0,0.000179543,2.3417000000000003e-05,"<code object weight at 0x10ad30530, file ""/Users/jannisgehring/VSCode/coursework-pyres/PyRes/literals.py"", line 298>","[_lsprof.profiler_subentry(code=<code object termWeight at 0x10ad14b70, file ""/Users/jannisgehring/VSCode/coursework-pyres/PyRes/terms.py"", line 255>, callcount=51, reccallcount=10, totaltime=0.000116291, inlinetime=4.5084000000000004e-05)]"
169,value,101,50,0,1.5626000000000003e-05,1.5626000000000003e-05,"<code object value at 0x10acde780, file ""/Users/jannisgehring/VSCode/coursework-pyres/PyRes/substitutions.py"", line 101>",
214,atomIsConstTrue,113,47,0,0.00015670400000000002,2.0289000000000002e-05,"<code object atomIsConstTrue at 0x10ad38300, file ""/Users/jannisgehring/VSCode/coursework-pyres/PyRes/literals.py"", line 113>","[_lsprof.profiler_subentry(code=<code object termEqual at 0x10ad21930, file ""/Users/jannisgehring/VSCode/coursework-pyres/PyRes/terms.py"", line 173>, callcount=47, reccallcount=0, totaltime=0.000136415, inlinetime=4.4073e-05)]"
173,setDerivation,81,45,0,8.919e-06,8.919e-06,"<code object setDerivation at 0x10ace1610, file ""/Users/jannisgehring/VSCode/coursework-pyres/PyRes/derivations.py"", line 81>",
222,__init__,9,44,0,8.545e-06,8.545e-06,"<code object __init__ at 0x10ad3a790, file ""/Users/jannisgehring/VSCode/coursework-pyres/PyRes/alternatingpath.py"", line 9>",
272,parseTerm,132,44,22,0.002430418,0.00010329800000000001,"<code object parseTerm at 0x1560c9cf0, file ""/Users/jannisgehring/VSCode/coursework-pyres/PyRes/terms.py"", line 132>","[_lsprof.profiler_subentry(code=""<method 'append' of 'list' objects>"", callcount=24, reccallcount=0, totaltime=5.3330000000000004e-06, inlinetime=5.3330000000000004e-06), _lsprof.profiler_subentry(code=<code object AcceptTok at 0x10aa67880, file ""/Users/jannisgehring/VSCode/coursework-pyres/PyRes/lexer.py"", line 247>, callcount=44, reccallcount=0, totaltime=0.000381875, inlinetime=2.8843e-05), _lsprof.profiler_subentry(code=<code object TestTok at 0x10aa139f0, file ""/Users/jannisgehring/VSCode/coursework-pyres/PyRes/lexer.py"", line 222>, callcount=68, reccallcount=0, totaltime=0.001501998, inlinetime=0.00012100400000000001), _lsprof.profiler_subentry(code=<code object parseTermList at 0x1560c4c50, file ""/Users/jannisgehring/VSCode/coursework-pyres/PyRes/terms.py"", line 120>, callcount=22, reccallcount=0, totaltime=0.0009678760000000001, inlinetime=2.4168000000000003e-05), _lsprof.profiler_subentry(code=""<method 'extend' of 'list' objects>"", callcount=22, reccallcount=0, totaltime=6.750000000000001e-06, inlinetime=6.750000000000001e-06), _lsprof.profiler_subentry(code=<code object Next at 0x10ab20200, file ""/Users/jannisgehring/VSCode/coursework-pyres/PyRes/lexer.py"", line 288>, callcount=44, reccallcount=0, totaltime=5.2208000000000006e-05, inlinetime=1.8164e-05), _lsprof.profiler_subentry(code=<code object CheckTok at 0x10aa46cc0, file ""/Users/jannisgehring/VSCode/coursework-pyres/PyRes/lexer.py"", line 236>, callcount=24, reccallcount=0, totaltime=7.029e-05, inlinetime=8.628000000000001e-06)]"
211,,79,44,0,5.2940000000000005e-06,5.2940000000000005e-06,"<code object <lambda> at 0x10ad32230, file ""/Users/jannisgehring/VSCode/coursework-pyres/PyRes/alternatingpath.py"", line 79>",
223,__init__,19,42,0,4.75e-06,4.75e-06,"<code object __init__ at 0x10ad3a880, file ""/Users/jannisgehring/VSCode/coursework-pyres/PyRes/alternatingpath.py"", line 19>",
228,occursCheck,136,41,0,3.5958000000000004e-05,1.787e-05,"<code object occursCheck at 0x10ad88290, file ""/Users/jannisgehring/VSCode/coursework-pyres/PyRes/unification.py"", line 136>","[_lsprof.profiler_subentry(code=<code object termIsCompound at 0x10ad384e0, file ""/Users/jannisgehring/VSCode/coursework-pyres/PyRes/terms.py"", line 81>, callcount=41, reccallcount=0, totaltime=1.8088e-05, inlinetime=9.618e-06)]"
166,composeBinding,150,41,0,7.0498e-05,4.9288e-05,"<code object composeBinding at 0x10ab217c0, file ""/Users/jannisgehring/VSCode/coursework-pyres/PyRes/substitutions.py"", line 150>","[_lsprof.profiler_subentry(code=<code object __init__ at 0x10ad28030, file ""/Users/jannisgehring/VSCode/coursework-pyres/PyRes/substitutions.py"", line 67>, callcount=41, reccallcount=0, totaltime=1.2835000000000002e-05, inlinetime=1.2835000000000002e-05), _lsprof.profiler_subentry(code=""<method 'keys' of 'dict' objects>"", callcount=41, reccallcount=0, totaltime=8.375e-06, inlinetime=8.375e-06)]"
215,atomIsConstFalse,120,37,0,0.000117164,1.4501e-05,"<code object atomIsConstFalse at 0x10ad383f0, file ""/Users/jannisgehring/VSCode/coursework-pyres/PyRes/literals.py"", line 120>","[_lsprof.profiler_subentry(code=<code object termEqual at 0x10ad21930, file ""/Users/jannisgehring/VSCode/coursework-pyres/PyRes/terms.py"", line 173>, callcount=37, reccallcount=0, totaltime=0.000102663, inlinetime=3.2822000000000005e-05)]"
144,TestLit,257,36,0,0.00017029,7.379000000000001e-05,"<code object TestLit at 0x10aac5530, file ""/Users/jannisgehring/VSCode/coursework-pyres/PyRes/lexer.py"", line 257>","[_lsprof.profiler_subentry(code=<code object LookLit at 0x10aae1b30, file ""/Users/jannisgehring/VSCode/coursework-pyres/PyRes/lexer.py"", line 215>, callcount=36, reccallcount=0, totaltime=9.65e-05, inlinetime=1.3206e-05)]"
170,hEval,97,34,0,1.0999000000000001e-05,1.0999000000000001e-05,"<code object hEval at 0x10acde890, file ""/Users/jannisgehring/VSCode/coursework-pyres/PyRes/heuristics.py"", line 97>",
152,hEval,117,34,0,0.00035332900000000005,0.000143955,"<code object hEval at 0x10aae7e10, file ""/Users/jannisgehring/VSCode/coursework-pyres/PyRes/heuristics.py"", line 117>","[_lsprof.profiler_subentry(code=<code object weight at 0x10ad28db0, file ""/Users/jannisgehring/VSCode/coursework-pyres/PyRes/clauses.py"", line 154>, callcount=33, reccallcount=8, totaltime=0.000150209, inlinetime=2.2457000000000002e-05)]"
201,weight,154,34,0,0.00020812400000000002,2.5998e-05,"<code object weight at 0x10ad28db0, file ""/Users/jannisgehring/VSCode/coursework-pyres/PyRes/clauses.py"", line 154>","[_lsprof.profiler_subentry(code=<code object __set__ at 0x101f611b0, file ""/Users/jannisgehring/VSCode/coursework-pyres/.venv/lib/python3.13/site-packages/traitlets/traitlets.py"", line 708>, callcount=2, reccallcount=0, totaltime=7.1708e-05, inlinetime=2.916e-06), _lsprof.profiler_subentry(code=<code object weight at 0x10ad30530, file ""/Users/jannisgehring/VSCode/coursework-pyres/PyRes/literals.py"", line 298>, callcount=50, reccallcount=9, totaltime=0.000131209, inlinetime=1.8165e-05), _lsprof.profiler_subentry(code=<code object _writeout_output_cache at 0x102d3cbb0, file ""/Users/jannisgehring/VSCode/coursework-pyres/.venv/lib/python3.13/site-packages/IPython/core/history.py"", line 839>, callcount=1, reccallcount=0, totaltime=7.0420000000000005e-06, inlinetime=2.584e-06), _lsprof.profiler_subentry(code=""<method '__exit__' of '_thread.lock' objects>"", callcount=2, reccallcount=0, totaltime=1.125e-06, inlinetime=1.125e-06)]"
199,evaluate,160,34,0,0.001062582,7.4999e-05,"<code object evaluate at 0x10ad28b70, file ""/Users/jannisgehring/VSCode/coursework-pyres/PyRes/heuristics.py"", line 160>","[_lsprof.profiler_subentry(code=<code object __call__ at 0x10ad38d50, file ""/Users/jannisgehring/VSCode/coursework-pyres/PyRes/heuristics.py"", line 72>, callcount=66, reccallcount=16, totaltime=0.00023033100000000001, inlinetime=4.9503000000000004e-05), _lsprof.profiler_subentry(code=<code object wait at 0x1011781b0, file ""/opt/homebrew/Cellar/python@3.13/3.13.0_1/Frameworks/Python.framework/Versions/3.13/lib/python3.13/threading.py"", line 641>, callcount=0, reccallcount=0, totaltime=0.0, inlinetime=0.0), _lsprof.profiler_subentry(code=<code object __get__ at 0x101ee2d50, file ""/Users/jannisgehring/VSCode/coursework-pyres/.venv/lib/python3.13/site-packages/traitlets/traitlets.py"", line 676>, callcount=1, reccallcount=0, totaltime=1.25e-06, inlinetime=5.420000000000001e-07)]"
145,addClause,163,34,0,0.005357918000000001,6.0957000000000006e-05,"<code object addClause at 0x10aac7210, file ""/Users/jannisgehring/VSCode/coursework-pyres/PyRes/clausesets.py"", line 163>","[_lsprof.profiler_subentry(code=<code object addClause at 0x10acde450, file ""/Users/jannisgehring/VSCode/coursework-pyres/PyRes/clausesets.py"", line 67>, callcount=33, reccallcount=0, totaltime=1.7668e-05, inlinetime=1.2796e-05), _lsprof.profiler_subentry(code=<code object evaluate at 0x10ad28b70, file ""/Users/jannisgehring/VSCode/coursework-pyres/PyRes/heuristics.py"", line 160>, callcount=33, reccallcount=8, totaltime=0.000294291, inlinetime=7.0375e-05), _lsprof.profiler_subentry(code=<code object addEval at 0x10ace18b0, file ""/Users/jannisgehring/VSCode/coursework-pyres/PyRes/clauses.py"", line 213>, callcount=33, reccallcount=0, totaltime=2.0960000000000003e-05, inlinetime=2.0960000000000003e-05)]"
174,addEval,213,34,0,2.1210000000000002e-05,2.1210000000000002e-05,"<code object addEval at 0x10ace18b0, file ""/Users/jannisgehring/VSCode/coursework-pyres/PyRes/clauses.py"", line 213>",
178,getResolutionLiterals,102,32,0,0.000903082,0.000289428,"<code object getResolutionLiterals at 0x10ad00510, file ""/Users/jannisgehring/VSCode/coursework-pyres/PyRes/clausesets.py"", line 102>","[_lsprof.profiler_subentry(code='<built-in method builtins.len>', callcount=329, reccallcount=0, totaltime=0.000179237, inlinetime=8.0203e-05), _lsprof.profiler_subentry(code=<code object getLiteral at 0x10ad28c90, file ""/Users/jannisgehring/VSCode/coursework-pyres/PyRes/clauses.py"", line 115>, callcount=486, reccallcount=0, totaltime=0.000393162, inlinetime=0.000130676), _lsprof.profiler_subentry(code=<code object isInferenceLit at 0x10ad387b0, file ""/Users/jannisgehring/VSCode/coursework-pyres/PyRes/literals.py"", line 206>, callcount=486, reccallcount=0, totaltime=4.1255000000000004e-05, inlinetime=4.1255000000000004e-05)]"
203,collectVars,250,32,0,0.00015546,1.4711e-05,"<code object collectVars at 0x10ad30330, file ""/Users/jannisgehring/VSCode/coursework-pyres/PyRes/literals.py"", line 250>","[_lsprof.profiler_subentry(code=<code object termCollectVars at 0x10ad188d0, file ""/Users/jannisgehring/VSCode/coursework-pyres/PyRes/terms.py"", line 210>, callcount=32, reccallcount=0, totaltime=0.00014074900000000002, inlinetime=3.2963e-05)]"
171,litInLitList,376,30,0,3.1377e-05,1.6420000000000002e-05,"<code object litInLitList at 0x10acdecd0, file ""/Users/jannisgehring/VSCode/coursework-pyres/PyRes/literals.py"", line 376>","[_lsprof.profiler_subentry(code=<code object isEqual at 0x10acf0c90, file ""/Users/jannisgehring/VSCode/coursework-pyres/PyRes/literals.py"", line 234>, callcount=9, reccallcount=0, totaltime=1.4957000000000001e-05, inlinetime=5.871e-06)]"
151,__len__,61,24,0,2.2292000000000003e-05,2.0119e-05,"<code object __len__ at 0x10aae3d30, file ""/Users/jannisgehring/VSCode/coursework-pyres/PyRes/clausesets.py"", line 61>","[_lsprof.profiler_subentry(code='<built-in method builtins.len>', callcount=24, reccallcount=0, totaltime=2.173e-06, inlinetime=2.173e-06)]"
136,CheckLit,267,24,0,0.000132915,1.0584e-05,"<code object CheckLit at 0x10aa46e30, file ""/Users/jannisgehring/VSCode/coursework-pyres/PyRes/lexer.py"", line 267>","[_lsprof.profiler_subentry(code=<code object TestLit at 0x10aac5530, file ""/Users/jannisgehring/VSCode/coursework-pyres/PyRes/lexer.py"", line 257>, callcount=24, reccallcount=0, totaltime=0.00012233100000000002, inlinetime=5.728900000000001e-05)]"
196,extractBest,189,23,0,9.020700000000001e-05,2.1414000000000002e-05,"<code object extractBest at 0x10ad28270, file ""/Users/jannisgehring/VSCode/coursework-pyres/PyRes/clausesets.py"", line 189>","[_lsprof.profiler_subentry(code=<code object nextEval at 0x10aaa7670, file ""/Users/jannisgehring/VSCode/coursework-pyres/PyRes/heuristics.py"", line 167>, callcount=23, reccallcount=0, totaltime=9.752e-06, inlinetime=9.003e-06), _lsprof.profiler_subentry(code=<code object extractBestByEval at 0x13735f490, file ""/Users/jannisgehring/VSCode/coursework-pyres/PyRes/clausesets.py"", line 173>, callcount=23, reccallcount=0, totaltime=5.9041000000000006e-05, inlinetime=5.0504e-05)]"
180,instantiate,195,23,0,0.000608665,4.6750000000000005e-05,"<code object instantiate at 0x10ad00ed0, file ""/Users/jannisgehring/VSCode/coursework-pyres/PyRes/clauses.py"", line 195>","[_lsprof.profiler_subentry(code=<code object instantiate at 0x10ad28390, file ""/Users/jannisgehring/VSCode/coursework-pyres/PyRes/literals.py"", line 280>, callcount=32, reccallcount=0, totaltime=0.00037879, inlinetime=3.587e-05), _lsprof.profiler_subentry(code=<code object setDerivation at 0x10ace1610, file ""/Users/jannisgehring/VSCode/coursework-pyres/PyRes/derivations.py"", line 81>, callcount=23, reccallcount=0, totaltime=4.918e-06, inlinetime=4.918e-06), _lsprof.profiler_subentry(code=<code object __init__ at 0x10ad1c630, file ""/Users/jannisgehring/VSCode/coursework-pyres/PyRes/clauses.py"", line 69>, callcount=23, reccallcount=0, totaltime=0.00017820700000000002, inlinetime=3.1164e-05)]"
182,collectVars,130,23,0,0.00018313000000000002,2.767e-05,"<code object collectVars at 0x10ad15070, file ""/Users/jannisgehring/VSCode/coursework-pyres/PyRes/clauses.py"", line 130>","[_lsprof.profiler_subentry(code=<code object collectVars at 0x10ad30330, file ""/Users/jannisgehring/VSCode/coursework-pyres/PyRes/literals.py"", line 250>, callcount=32, reccallcount=0, totaltime=0.00015546, inlinetime=1.4711e-05)]"
198,freshVarSubst,242,23,0,6.316500000000001e-05,2.4160000000000002e-05,"<code object freshVarSubst at 0x10ad28930, file ""/Users/jannisgehring/VSCode/coursework-pyres/PyRes/substitutions.py"", line 242>","[_lsprof.profiler_subentry(code=<code object __init__ at 0x10ad28030, file ""/Users/jannisgehring/VSCode/coursework-pyres/PyRes/substitutions.py"", line 67>, callcount=23, reccallcount=0, totaltime=8.753e-06, inlinetime=8.753e-06), _lsprof.profiler_subentry(code=<code object freshVar at 0x10ab16e80, file ""/Users/jannisgehring/VSCode/coursework-pyres/PyRes/substitutions.py"", line 232>, callcount=10, reccallcount=0, totaltime=3.0252e-05, inlinetime=3.0252e-05)]"
268,processClause,143,23,0,0.017364166,0.00015962700000000002,"<code object processClause at 0x155907e00, file ""/Users/jannisgehring/VSCode/coursework-pyres/PyRes/saturation.py"", line 143>","[_lsprof.profiler_subentry(code='<built-in method builtins.len>', callcount=44, reccallcount=0, totaltime=5.415000000000001e-06, inlinetime=5.415000000000001e-06), _lsprof.profiler_subentry(code=<code object computeAllResolvents at 0x10ab0e230, file ""/Users/jannisgehring/VSCode/coursework-pyres/PyRes/rescontrol.py"", line 43>, callcount=22, reccallcount=0, totaltime=0.004900834000000001, inlinetime=0.00017727900000000002), _lsprof.profiler_subentry(code=<code object computeAllFactors at 0x1371ca610, file ""/Users/jannisgehring/VSCode/coursework-pyres/PyRes/rescontrol.py"", line 76>, callcount=22, reccallcount=0, totaltime=0.00012641600000000002, inlinetime=3.4963000000000004e-05), _lsprof.profiler_subentry(code=<code object addClause at 0x10aac7210, file ""/Users/jannisgehring/VSCode/coursework-pyres/PyRes/clausesets.py"", line 163>, callcount=20, reccallcount=7, totaltime=0.000120168, inlinetime=1.9125e-05), _lsprof.profiler_subentry(code=<code object addClause at 0x10acde450, file ""/Users/jannisgehring/VSCode/coursework-pyres/PyRes/clausesets.py"", line 67>, callcount=22, reccallcount=0, totaltime=1.3669e-05, inlinetime=9.548e-06), _lsprof.profiler_subentry(code=<code object extractBest at 0x10ad28270, file ""/Users/jannisgehring/VSCode/coursework-pyres/PyRes/clausesets.py"", line 189>, callcount=23, reccallcount=0, totaltime=9.020700000000001e-05, inlinetime=2.1414000000000002e-05), _lsprof.profiler_subentry(code=<code object isEmpty at 0x10ad30630, file ""/Users/jannisgehring/VSCode/coursework-pyres/PyRes/clauses.py"", line 96>, callcount=23, reccallcount=0, totaltime=1.1459e-05, inlinetime=9.167e-06), _lsprof.profiler_subentry(code=<code object __call__ at 0x10ad38d50, file ""/Users/jannisgehring/VSCode/coursework-pyres/PyRes/heuristics.py"", line 72>, callcount=1, reccallcount=0, totaltime=5.000000000000001e-07, inlinetime=2.92e-07), _lsprof.profiler_subentry(code=<code object freshVarCopy at 0x10ad152f0, file ""/Users/jannisgehring/VSCode/coursework-pyres/PyRes/clauses.py"", line 205>, callcount=23, reccallcount=0, totaltime=0.0008896650000000001, inlinetime=3.4705e-05), _lsprof.profiler_subentry(code=""<method 'extend' of 'list' objects>"", callcount=44, reccallcount=0, totaltime=8.25e-06, inlinetime=8.25e-06)]"
143,nextEval,167,23,0,9.752e-06,9.003e-06,"<code object nextEval at 0x10aaa7670, file ""/Users/jannisgehring/VSCode/coursework-pyres/PyRes/heuristics.py"", line 167>","[_lsprof.profiler_subentry(code='<built-in method builtins.len>', callcount=8, reccallcount=0, totaltime=7.49e-07, inlinetime=7.49e-07)]"
184,freshVarCopy,205,23,0,0.0008896650000000001,3.4705e-05,"<code object freshVarCopy at 0x10ad152f0, file ""/Users/jannisgehring/VSCode/coursework-pyres/PyRes/clauses.py"", line 205>","[_lsprof.profiler_subentry(code=<code object instantiate at 0x10ad00ed0, file ""/Users/jannisgehring/VSCode/coursework-pyres/PyRes/clauses.py"", line 195>, callcount=23, reccallcount=0, totaltime=0.000608665, inlinetime=4.6750000000000005e-05), _lsprof.profiler_subentry(code=<code object freshVarSubst at 0x10ad28930, file ""/Users/jannisgehring/VSCode/coursework-pyres/PyRes/substitutions.py"", line 242>, callcount=23, reccallcount=0, totaltime=6.316500000000001e-05, inlinetime=2.4160000000000002e-05), _lsprof.profiler_subentry(code=<code object collectVars at 0x10ad15070, file ""/Users/jannisgehring/VSCode/coursework-pyres/PyRes/clauses.py"", line 130>, callcount=23, reccallcount=0, totaltime=0.00018313000000000002, inlinetime=2.767e-05)]"
246,extractBestByEval,173,23,0,5.9041000000000006e-05,5.0504e-05,"<code object extractBestByEval at 0x13735f490, file ""/Users/jannisgehring/VSCode/coursework-pyres/PyRes/clausesets.py"", line 173>","[_lsprof.profiler_subentry(code='<built-in method builtins.len>', callcount=23, reccallcount=0, totaltime=2.205e-06, inlinetime=2.205e-06), _lsprof.profiler_subentry(code=""<method 'pop' of 'list' objects>"", callcount=23, reccallcount=0, totaltime=6.3320000000000005e-06, inlinetime=6.3320000000000005e-06)]"
205,isEmpty,96,23,0,1.1459e-05,9.167e-06,"<code object isEmpty at 0x10ad30630, file ""/Users/jannisgehring/VSCode/coursework-pyres/PyRes/clauses.py"", line 96>","[_lsprof.profiler_subentry(code='<built-in method builtins.len>', callcount=23, reccallcount=0, totaltime=2.2920000000000002e-06, inlinetime=2.2920000000000002e-06)]"
132,get_neighbours,87,23,0,0.001660999,0.000310555,"<code object get_neighbours at 0x10a9eb830, file ""/Users/jannisgehring/VSCode/coursework-pyres/PyRes/alternatingpath.py"", line 87>","[_lsprof.profiler_subentry(code=<code object <lambda> at 0x10ad3a970, file ""/Users/jannisgehring/VSCode/coursework-pyres/PyRes/alternatingpath.py"", line 90>, callcount=966, reccallcount=0, totaltime=0.001338652, inlinetime=0.000379982), _lsprof.profiler_subentry(code=""<method 'append' of 'list' objects>"", callcount=44, reccallcount=0, totaltime=1.1792e-05, inlinetime=1.1792e-05)]"
212,addPred,89,22,0,6.25e-06,6.25e-06,"<code object addPred at 0x10ad38030, file ""/Users/jannisgehring/VSCode/coursework-pyres/PyRes/signature.py"", line 89>",
239,computeAllFactors,76,22,0,0.00012641600000000002,3.4963000000000004e-05,"<code object computeAllFactors at 0x1371ca610, file ""/Users/jannisgehring/VSCode/coursework-pyres/PyRes/rescontrol.py"", line 76>","[_lsprof.profiler_subentry(code='<built-in method builtins.len>', callcount=54, reccallcount=0, totaltime=3.6412e-05, inlinetime=1.6993e-05), _lsprof.profiler_subentry(code=<code object getLiteral at 0x10ad28c90, file ""/Users/jannisgehring/VSCode/coursework-pyres/PyRes/clauses.py"", line 115>, callcount=10, reccallcount=0, totaltime=9.542000000000001e-06, inlinetime=3.0420000000000003e-06), _lsprof.profiler_subentry(code=<code object isInferenceLit at 0x10ad387b0, file ""/Users/jannisgehring/VSCode/coursework-pyres/PyRes/literals.py"", line 206>, callcount=10, reccallcount=0, totaltime=1.292e-06, inlinetime=1.292e-06), _lsprof.profiler_subentry(code=<code object factor at 0x1371cbc50, file ""/Users/jannisgehring/VSCode/coursework-pyres/PyRes/resolution.py"", line 100>, callcount=10, reccallcount=0, totaltime=4.4207000000000006e-05, inlinetime=1.1332000000000001e-05)]"
179,termCollectSig,240,22,0,2.5836e-05,1.125e-05,"<code object termCollectSig at 0x10ad00850, file ""/Users/jannisgehring/VSCode/coursework-pyres/PyRes/terms.py"", line 240>","[_lsprof.profiler_subentry(code='<built-in method builtins.len>', callcount=2, reccallcount=0, totaltime=2.09e-07, inlinetime=2.09e-07), _lsprof.profiler_subentry(code=<code object termArgs at 0x10ad30c30, file ""/Users/jannisgehring/VSCode/coursework-pyres/PyRes/terms.py"", line 97>, callcount=2, reccallcount=0, totaltime=1.958e-06, inlinetime=8.32e-07), _lsprof.profiler_subentry(code=<code object addFun at 0x10ab1bf00, file ""/Users/jannisgehring/VSCode/coursework-pyres/PyRes/signature.py"", line 82>, callcount=2, reccallcount=0, totaltime=2.51e-07, inlinetime=2.51e-07), _lsprof.profiler_subentry(code=<code object termIsCompound at 0x10ad384e0, file ""/Users/jannisgehring/VSCode/coursework-pyres/PyRes/terms.py"", line 81>, callcount=22, reccallcount=0, totaltime=1.0876e-05, inlinetime=5.6270000000000005e-06), _lsprof.profiler_subentry(code=<code object termFunc at 0x10ad30b30, file ""/Users/jannisgehring/VSCode/coursework-pyres/PyRes/terms.py"", line 89>, callcount=2, reccallcount=0, totaltime=1.292e-06, inlinetime=4.5800000000000005e-07)]"
153,computeAllResolvents,43,22,0,0.004900834000000001,0.00017727900000000002,"<code object computeAllResolvents at 0x10ab0e230, file ""/Users/jannisgehring/VSCode/coursework-pyres/PyRes/rescontrol.py"", line 43>","[_lsprof.profiler_subentry(code='<built-in method builtins.len>', callcount=22, reccallcount=0, totaltime=1.4207000000000001e-05, inlinetime=6.287e-06), _lsprof.profiler_subentry(code=<code object getLiteral at 0x10ad28c90, file ""/Users/jannisgehring/VSCode/coursework-pyres/PyRes/clauses.py"", line 115>, callcount=64, reccallcount=0, totaltime=5.6746e-05, inlinetime=1.9039000000000002e-05), _lsprof.profiler_subentry(code=<code object isInferenceLit at 0x10ad387b0, file ""/Users/jannisgehring/VSCode/coursework-pyres/PyRes/literals.py"", line 206>, callcount=32, reccallcount=0, totaltime=3.9180000000000004e-06, inlinetime=3.9180000000000004e-06), _lsprof.profiler_subentry(code=<code object getResolutionLiterals at 0x10ad00510, file ""/Users/jannisgehring/VSCode/coursework-pyres/PyRes/clausesets.py"", line 102>, callcount=32, reccallcount=0, totaltime=0.000903082, inlinetime=0.000289428), _lsprof.profiler_subentry(code=<code object resolution at 0x1371ce170, file ""/Users/jannisgehring/VSCode/coursework-pyres/PyRes/resolution.py"", line 75>, callcount=486, reccallcount=0, totaltime=0.003741102, inlinetime=0.00054832), _lsprof.profiler_subentry(code=""<method 'append' of 'list' objects>"", callcount=22, reccallcount=0, totaltime=4.5e-06, inlinetime=4.5e-06)]"
186,parseLiteral,327,22,0,0.0033774620000000003,6.7921e-05,"<code object parseLiteral at 0x10ad185f0, file ""/Users/jannisgehring/VSCode/coursework-pyres/PyRes/literals.py"", line 327>","[_lsprof.profiler_subentry(code=<code object TestTok at 0x10aa139f0, file ""/Users/jannisgehring/VSCode/coursework-pyres/PyRes/lexer.py"", line 222>, callcount=22, reccallcount=0, totaltime=0.000133334, inlinetime=3.5374000000000004e-05), _lsprof.profiler_subentry(code=<code object parseAtom at 0x10a9e8570, file ""/Users/jannisgehring/VSCode/coursework-pyres/PyRes/literals.py"", line 81>, callcount=22, reccallcount=0, totaltime=0.003105291, inlinetime=6.0706000000000005e-05), _lsprof.profiler_subentry(code=<code object Next at 0x10ab20200, file ""/Users/jannisgehring/VSCode/coursework-pyres/PyRes/lexer.py"", line 288>, callcount=11, reccallcount=0, totaltime=1.3747e-05, inlinetime=5.038000000000001e-06), _lsprof.profiler_subentry(code=<code object __init__ at 0x10a687480, file ""/Users/jannisgehring/VSCode/coursework-pyres/PyRes/literals.py"", line 133>, callcount=22, reccallcount=0, totaltime=5.7169e-05, inlinetime=2.0918000000000002e-05)]"
154,flatDerivation,221,22,0,4.7293e-05,3.7999e-05,"<code object flatDerivation at 0x10ab162a0, file ""/Users/jannisgehring/VSCode/coursework-pyres/PyRes/derivations.py"", line 221>","[_lsprof.profiler_subentry(code=<code object __init__ at 0x10ab1b4b0, file ""/Users/jannisgehring/VSCode/coursework-pyres/PyRes/derivations.py"", line 174>, callcount=66, reccallcount=0, totaltime=9.294000000000001e-06, inlinetime=9.294000000000001e-06)]"
131,collectSig,266,22,0,9.912500000000001e-05,2.9167e-05,"<code object collectSig at 0x10a9eabf0, file ""/Users/jannisgehring/VSCode/coursework-pyres/PyRes/literals.py"", line 266>","[_lsprof.profiler_subentry(code='<built-in method builtins.len>', callcount=22, reccallcount=0, totaltime=2.4170000000000003e-06, inlinetime=2.4170000000000003e-06), _lsprof.profiler_subentry(code=<code object termArgs at 0x10ad30c30, file ""/Users/jannisgehring/VSCode/coursework-pyres/PyRes/terms.py"", line 97>, callcount=22, reccallcount=0, totaltime=1.8497000000000003e-05, inlinetime=7.830000000000001e-06), _lsprof.profiler_subentry(code=<code object addPred at 0x10ad38030, file ""/Users/jannisgehring/VSCode/coursework-pyres/PyRes/signature.py"", line 89>, callcount=22, reccallcount=0, totaltime=6.25e-06, inlinetime=6.25e-06), _lsprof.profiler_subentry(code=<code object termCollectSig at 0x10ad00850, file ""/Users/jannisgehring/VSCode/coursework-pyres/PyRes/terms.py"", line 240>, callcount=22, reccallcount=0, totaltime=2.5836e-05, inlinetime=1.125e-05), _lsprof.profiler_subentry(code=<code object termFunc at 0x10ad30b30, file ""/Users/jannisgehring/VSCode/coursework-pyres/PyRes/terms.py"", line 89>, callcount=22, reccallcount=0, totaltime=1.6958000000000003e-05, inlinetime=6.206e-06)]"
130,parseAtom,81,22,0,0.003105291,6.0706000000000005e-05,"<code object parseAtom at 0x10a9e8570, file ""/Users/jannisgehring/VSCode/coursework-pyres/PyRes/literals.py"", line 81>","[_lsprof.profiler_subentry(code=<code object TestTok at 0x10aa139f0, file ""/Users/jannisgehring/VSCode/coursework-pyres/PyRes/lexer.py"", line 222>, callcount=22, reccallcount=0, totaltime=0.000614167, inlinetime=1.0127000000000001e-05), _lsprof.profiler_subentry(code=<code object parseTerm at 0x1560c9cf0, file ""/Users/jannisgehring/VSCode/coursework-pyres/PyRes/terms.py"", line 132>, callcount=22, reccallcount=0, totaltime=0.002430418, inlinetime=8.3837e-05)]"
271,parseTermList,120,22,0,0.0009678760000000001,2.4168000000000003e-05,"<code object parseTermList at 0x1560c4c50, file ""/Users/jannisgehring/VSCode/coursework-pyres/PyRes/terms.py"", line 120>","[_lsprof.profiler_subentry(code=""<method 'append' of 'list' objects>"", callcount=22, reccallcount=0, totaltime=3.996e-06, inlinetime=3.996e-06), _lsprof.profiler_subentry(code=<code object TestTok at 0x10aa139f0, file ""/Users/jannisgehring/VSCode/coursework-pyres/PyRes/lexer.py"", line 222>, callcount=22, reccallcount=0, totaltime=0.000280502, inlinetime=3.8631e-05), _lsprof.profiler_subentry(code=<code object parseTerm at 0x1560c9cf0, file ""/Users/jannisgehring/VSCode/coursework-pyres/PyRes/terms.py"", line 132>, callcount=22, reccallcount=0, totaltime=0.00065921, inlinetime=1.9461000000000002e-05)]"
146,removeDupLits,221,22,0,5.8416000000000004e-05,2.1791000000000002e-05,"<code object removeDupLits at 0x10aac7750, file ""/Users/jannisgehring/VSCode/coursework-pyres/PyRes/clauses.py"", line 221>","[_lsprof.profiler_subentry(code=""<method 'append' of 'list' objects>"", callcount=30, reccallcount=0, totaltime=5.248e-06, inlinetime=5.248e-06), _lsprof.profiler_subentry(code=<code object litInLitList at 0x10acdecd0, file ""/Users/jannisgehring/VSCode/coursework-pyres/PyRes/literals.py"", line 376>, callcount=30, reccallcount=0, totaltime=3.1377e-05, inlinetime=1.6420000000000002e-05)]"
270,parseLiteralList,341,12,0,0.004389041000000001,8.7087e-05,"<code object parseLiteralList at 0x1560b88e0, file ""/Users/jannisgehring/VSCode/coursework-pyres/PyRes/literals.py"", line 341>","[_lsprof.profiler_subentry(code=""<method 'append' of 'list' objects>"", callcount=22, reccallcount=0, totaltime=4.7880000000000006e-06, inlinetime=4.7880000000000006e-06), _lsprof.profiler_subentry(code=<code object TestTok at 0x10aa139f0, file ""/Users/jannisgehring/VSCode/coursework-pyres/PyRes/lexer.py"", line 222>, callcount=22, reccallcount=0, totaltime=0.00013362200000000002, inlinetime=3.2708e-05), _lsprof.profiler_subentry(code=<code object LookLit at 0x10aae1b30, file ""/Users/jannisgehring/VSCode/coursework-pyres/PyRes/lexer.py"", line 215>, callcount=22, reccallcount=0, totaltime=0.000773708, inlinetime=8.168e-06), _lsprof.profiler_subentry(code=<code object Next at 0x10ab20200, file ""/Users/jannisgehring/VSCode/coursework-pyres/PyRes/lexer.py"", line 288>, callcount=10, reccallcount=0, totaltime=1.2374e-05, inlinetime=4.2900000000000004e-06), _lsprof.profiler_subentry(code=<code object parseLiteral at 0x10ad185f0, file ""/Users/jannisgehring/VSCode/coursework-pyres/PyRes/literals.py"", line 327>, callcount=22, reccallcount=0, totaltime=0.0033774620000000003, inlinetime=6.7921e-05)]"
156,addClause,103,12,0,1.1540000000000001e-05,8.581000000000001e-06,"<code object addClause at 0x10ab17800, file ""/Users/jannisgehring/VSCode/coursework-pyres/PyRes/fofspec.py"", line 103>","[_lsprof.profiler_subentry(code=""<method 'append' of 'list' objects>"", callcount=12, reccallcount=0, totaltime=2.9590000000000004e-06, inlinetime=2.9590000000000004e-06)]"
157,getName,197,12,0,1.998e-06,1.998e-06,"<code object getName at 0x10ab19200, file ""/Users/jannisgehring/VSCode/coursework-pyres/PyRes/lexer.py"", line 197>",
160,,130,12,0,3.5430000000000002e-06,3.5430000000000002e-06,"<code object <lambda> at 0x10ab1b960, file ""/Users/jannisgehring/VSCode/coursework-pyres/PyRes/clausesets.py"", line 130>",
148,setInputDeriv,87,12,0,2.2501e-05,2.0418e-05,"<code object setInputDeriv at 0x10aae0c30, file ""/Users/jannisgehring/VSCode/coursework-pyres/PyRes/derivations.py"", line 87>","[_lsprof.profiler_subentry(code=<code object __init__ at 0x10ab1b4b0, file ""/Users/jannisgehring/VSCode/coursework-pyres/PyRes/derivations.py"", line 174>, callcount=12, reccallcount=0, totaltime=2.0830000000000002e-06, inlinetime=2.0830000000000002e-06)]"
263,parseClause,244,12,0,0.006924293000000001,0.00020917600000000002,"<code object parseClause at 0x154db8200, file ""/Users/jannisgehring/VSCode/coursework-pyres/PyRes/clauses.py"", line 244>","[_lsprof.profiler_subentry(code=<code object AcceptTok at 0x10aa67880, file ""/Users/jannisgehring/VSCode/coursework-pyres/PyRes/lexer.py"", line 247>, callcount=108, reccallcount=0, totaltime=0.0012942070000000001, inlinetime=6.4588e-05), _lsprof.profiler_subentry(code=<code object TestTok at 0x10aa139f0, file ""/Users/jannisgehring/VSCode/coursework-pyres/PyRes/lexer.py"", line 222>, callcount=12, reccallcount=0, totaltime=0.00029699800000000003, inlinetime=1.6208e-05), _lsprof.profiler_subentry(code=<code object AcceptLit at 0x10aa67990, file ""/Users/jannisgehring/VSCode/coursework-pyres/PyRes/lexer.py"", line 278>, callcount=12, reccallcount=0, totaltime=6.65e-05, inlinetime=7.96e-06), _lsprof.profiler_subentry(code=<code object __init__ at 0x10ad1c630, file ""/Users/jannisgehring/VSCode/coursework-pyres/PyRes/clauses.py"", line 69>, callcount=12, reccallcount=0, totaltime=0.000171, inlinetime=2.9204e-05), _lsprof.profiler_subentry(code=<code object setInputDeriv at 0x10aae0c30, file ""/Users/jannisgehring/VSCode/coursework-pyres/PyRes/derivations.py"", line 87>, callcount=12, reccallcount=0, totaltime=2.2501e-05, inlinetime=2.0418e-05), _lsprof.profiler_subentry(code=<code object LookLit at 0x10aae1b30, file ""/Users/jannisgehring/VSCode/coursework-pyres/PyRes/lexer.py"", line 215>, callcount=24, reccallcount=0, totaltime=0.00047287200000000005, inlinetime=8.788000000000001e-06), _lsprof.profiler_subentry(code=<code object parseLiteralList at 0x1560b88e0, file ""/Users/jannisgehring/VSCode/coursework-pyres/PyRes/literals.py"", line 341>, callcount=12, reccallcount=0, totaltime=0.004389041000000001, inlinetime=8.7087e-05), _lsprof.profiler_subentry(code=<code object getName at 0x10ab19200, file ""/Users/jannisgehring/VSCode/coursework-pyres/PyRes/lexer.py"", line 197>, callcount=12, reccallcount=0, totaltime=1.998e-06, inlinetime=1.998e-06)]"
140,AcceptLit,278,12,0,6.65e-05,7.96e-06,"<code object AcceptLit at 0x10aa67990, file ""/Users/jannisgehring/VSCode/coursework-pyres/PyRes/lexer.py"", line 278>","[_lsprof.profiler_subentry(code=<code object CheckLit at 0x10aa46e30, file ""/Users/jannisgehring/VSCode/coursework-pyres/PyRes/lexer.py"", line 267>, callcount=12, reccallcount=0, totaltime=4.4041e-05, inlinetime=5.0850000000000004e-06), _lsprof.profiler_subentry(code=<code object Next at 0x10ab20200, file ""/Users/jannisgehring/VSCode/coursework-pyres/PyRes/lexer.py"", line 288>, callcount=12, reccallcount=0, totaltime=1.4499000000000001e-05, inlinetime=4.958000000000001e-06)]"
183,collectSig,141,12,0,0.000107416,8.291e-06,"<code object collectSig at 0x10ad151b0, file ""/Users/jannisgehring/VSCode/coursework-pyres/PyRes/clauses.py"", line 141>","[_lsprof.profiler_subentry(code=<code object collectSig at 0x10a9eabf0, file ""/Users/jannisgehring/VSCode/coursework-pyres/PyRes/literals.py"", line 266>, callcount=22, reccallcount=0, totaltime=9.912500000000001e-05, inlinetime=2.9167e-05)]"
240,factor,100,10,0,4.4207000000000006e-05,1.1332000000000001e-05,"<code object factor at 0x1371cbc50, file ""/Users/jannisgehring/VSCode/coursework-pyres/PyRes/resolution.py"", line 100>","[_lsprof.profiler_subentry(code=<code object getLiteral at 0x10ad28c90, file ""/Users/jannisgehring/VSCode/coursework-pyres/PyRes/clauses.py"", line 115>, callcount=20, reccallcount=0, totaltime=1.7291e-05, inlinetime=5.9990000000000005e-06), _lsprof.profiler_subentry(code=<code object mgu at 0x10ad29b30, file ""/Users/jannisgehring/VSCode/coursework-pyres/PyRes/unification.py"", line 210>, callcount=2, reccallcount=0, totaltime=1.3125e-05, inlinetime=1.6250000000000001e-06), _lsprof.profiler_subentry(code=<code object isNegative at 0x10ad385d0, file ""/Users/jannisgehring/VSCode/coursework-pyres/PyRes/literals.py"", line 184>, callcount=20, reccallcount=0, totaltime=2.459e-06, inlinetime=2.459e-06)]"
155,freshVar,232,10,0,3.0252e-05,3.0252e-05,"<code object freshVar at 0x10ab16e80, file ""/Users/jannisgehring/VSCode/coursework-pyres/PyRes/substitutions.py"", line 232>",
176,isEqual,234,9,0,1.4957000000000001e-05,5.871e-06,"<code object isEqual at 0x10acf0c90, file ""/Users/jannisgehring/VSCode/coursework-pyres/PyRes/literals.py"", line 234>","[_lsprof.profiler_subentry(code=<code object termEqual at 0x10ad21930, file ""/Users/jannisgehring/VSCode/coursework-pyres/PyRes/terms.py"", line 173>, callcount=3, reccallcount=0, totaltime=7.791e-06, inlinetime=2.5400000000000002e-06), _lsprof.profiler_subentry(code=<code object isNegative at 0x10ad385d0, file ""/Users/jannisgehring/VSCode/coursework-pyres/PyRes/literals.py"", line 184>, callcount=18, reccallcount=0, totaltime=1.295e-06, inlinetime=1.295e-06)]"
159,__init__,49,5,0,9.792e-06,9.792e-06,"<code object __init__ at 0x10ab1b690, file ""/Users/jannisgehring/VSCode/coursework-pyres/PyRes/clausesets.py"", line 49>",
163,addFun,82,2,0,2.51e-07,2.51e-07,"<code object addFun at 0x10ab1bf00, file ""/Users/jannisgehring/VSCode/coursework-pyres/PyRes/signature.py"", line 82>",
244,tptpLexer,49,1,0,0.00043370800000000004,4.7456e-05,"<code object tptpLexer at 0x137294880, file ""/Users/jannisgehring/VSCode/coursework-pyres/PyRes/fofspec.py"", line 49>","[_lsprof.profiler_subentry(code='<built-in method posix.getcwd>', callcount=0, reccallcount=0, totaltime=0.0, inlinetime=0.0)]"
242,construct_betweenclause_edges,55,1,0,0.0011970420000000002,4.9539e-05,"<code object construct_betweenclause_edges at 0x1371d5be0, file ""/Users/jannisgehring/VSCode/coursework-pyres/PyRes/alternatingpath.py"", line 55>","[_lsprof.profiler_subentry(code=<code object __init__ at 0x10ad3a880, file ""/Users/jannisgehring/VSCode/coursework-pyres/PyRes/alternatingpath.py"", line 19>, callcount=18, reccallcount=0, totaltime=2.21e-06, inlinetime=2.21e-06), _lsprof.profiler_subentry(code=<code object mgu at 0x10ad29b30, file ""/Users/jannisgehring/VSCode/coursework-pyres/PyRes/unification.py"", line 210>, callcount=406, reccallcount=0, totaltime=0.003103176, inlinetime=0.000355923), _lsprof.profiler_subentry(code=""<method 'add' of 'set' objects>"", callcount=18, reccallcount=0, totaltime=3.836e-06, inlinetime=3.836e-06)]"
243,addEqAxioms,160,1,0,0.000114333,6.334000000000001e-06,"<code object addEqAxioms at 0x137289f20, file ""/Users/jannisgehring/VSCode/coursework-pyres/PyRes/fofspec.py"", line 160>","[_lsprof.profiler_subentry(code=<code object collectSig at 0x10ad151b0, file ""/Users/jannisgehring/VSCode/coursework-pyres/PyRes/clauses.py"", line 141>, callcount=12, reccallcount=0, totaltime=0.000107416, inlinetime=8.291e-06), _lsprof.profiler_subentry(code=<code object __init__ at 0x10ab1be10, file ""/Users/jannisgehring/VSCode/coursework-pyres/PyRes/signature.py"", line 61>, callcount=1, reccallcount=0, totaltime=4.1700000000000004e-07, inlinetime=4.1700000000000004e-07), _lsprof.profiler_subentry(code=<code object isPred at 0x10ad38120, file ""/Users/jannisgehring/VSCode/coursework-pyres/PyRes/signature.py"", line 95>, callcount=1, reccallcount=0, totaltime=1.66e-07, inlinetime=1.66e-07)]"
262,main,178,1,0,0.025185958,0.00032941700000000003,"<code object main at 0x154db5000, file ""/Users/jannisgehring/VSCode/coursework-pyres/PyRes/pyres_fof.py"", line 178>","[_lsprof.profiler_subentry(code=<code object __init__ at 0x10acde560, file ""/Users/jannisgehring/VSCode/coursework-pyres/PyRes/fofspec.py"", line 86>, callcount=1, reccallcount=0, totaltime=5.41e-07, inlinetime=5.41e-07), _lsprof.profiler_subentry(code='<built-in method resource.getrlimit>', callcount=1, reccallcount=0, totaltime=1.875e-06, inlinetime=1.875e-06), _lsprof.profiler_subentry(code=<code object parse at 0x134a3ce00, file ""/Users/jannisgehring/VSCode/coursework-pyres/PyRes/fofspec.py"", line 120>, callcount=0, reccallcount=0, totaltime=0.0, inlinetime=0.0), _lsprof.profiler_subentry(code='<built-in method resource.setrlimit>', callcount=1, reccallcount=0, totaltime=4.4208e-05, inlinetime=4.4208e-05), _lsprof.profiler_subentry(code=<code object signal at 0x100eef0f0, file ""/opt/homebrew/Cellar/python@3.13/3.13.0_1/Frameworks/Python.framework/Versions/3.13/lib/python3.13/signal.py"", line 56>, callcount=1, reccallcount=0, totaltime=1.7334e-05, inlinetime=8.25e-06), _lsprof.profiler_subentry(code=<code object processOptions at 0x135009e00, file ""/Users/jannisgehring/VSCode/coursework-pyres/PyRes/pyres_fof.py"", line 118>, callcount=1, reccallcount=0, totaltime=0.000281542, inlinetime=0.00027516700000000004), _lsprof.profiler_subentry(code='<built-in method sys.setrecursionlimit>', callcount=1, reccallcount=0, totaltime=6.667000000000001e-06, inlinetime=6.667000000000001e-06)]"
231,parse,120,1,0,0.0094985,0.000164959,"<code object parse at 0x134a3ce00, file ""/Users/jannisgehring/VSCode/coursework-pyres/PyRes/fofspec.py"", line 120>","[_lsprof.profiler_subentry(code='<built-in method builtins.isinstance>', callcount=1, reccallcount=0, totaltime=7.09e-07, inlinetime=7.09e-07), _lsprof.profiler_subentry(code=<code object tptpLexer at 0x137294880, file ""/Users/jannisgehring/VSCode/coursework-pyres/PyRes/fofspec.py"", line 49>, callcount=0, reccallcount=0, totaltime=0.0, inlinetime=0.0)]"
232,processOptions,118,1,0,0.000281542,0.00027516700000000004,"<code object processOptions at 0x135009e00, file ""/Users/jannisgehring/VSCode/coursework-pyres/PyRes/pyres_fof.py"", line 118>","[_lsprof.profiler_subentry(code=<code object __init__ at 0x10ad88030, file ""/Users/jannisgehring/VSCode/coursework-pyres/PyRes/saturation.py"", line 61>, callcount=1, reccallcount=0, totaltime=6.375000000000001e-06, inlinetime=6.375000000000001e-06)]"
188,statisticsStr,214,1,0,2.2080000000000003e-06,2.2080000000000003e-06,"<code object statisticsStr at 0x10ad19000, file ""/Users/jannisgehring/VSCode/coursework-pyres/PyRes/saturation.py"", line 214>",
229,construct_inclause_edges,44,1,0,4.3167e-05,3.7546e-05,"<code object construct_inclause_edges at 0x10adb4030, file ""/Users/jannisgehring/VSCode/coursework-pyres/PyRes/alternatingpath.py"", line 44>","[_lsprof.profiler_subentry(code=<code object __init__ at 0x10ad3a880, file ""/Users/jannisgehring/VSCode/coursework-pyres/PyRes/alternatingpath.py"", line 19>, callcount=20, reccallcount=0, totaltime=1.9150000000000003e-06, inlinetime=1.9150000000000003e-06), _lsprof.profiler_subentry(code=""<method 'add' of 'set' objects>"", callcount=20, reccallcount=0, totaltime=3.706e-06, inlinetime=3.706e-06)]"
177,__init__,28,1,0,0.004472042,0.000165778,"<code object __init__ at 0x10acf26b0, file ""/Users/jannisgehring/VSCode/coursework-pyres/PyRes/alternatingpath.py"", line 28>","[_lsprof.profiler_subentry(code=<code object __init__ at 0x1560d3260, file ""/Users/jannisgehring/VSCode/coursework-pyres/PyRes/saturation.py"", line 121>, callcount=1, reccallcount=0, totaltime=0.000254, inlinetime=6.9570000000000005e-06), _lsprof.profiler_subentry(code=<code object addClause at 0x10aac7210, file ""/Users/jannisgehring/VSCode/coursework-pyres/PyRes/clausesets.py"", line 163>, callcount=1, reccallcount=0, totaltime=7.875e-06, inlinetime=1.0420000000000001e-06), _lsprof.profiler_subentry(code=<code object saturate at 0x10ad74570, file ""/Users/jannisgehring/VSCode/coursework-pyres/PyRes/saturation.py"", line 201>, callcount=0, reccallcount=0, totaltime=0.0, inlinetime=0.0), _lsprof.profiler_subentry(code=<code object construct_inclause_edges at 0x10adb4030, file ""/Users/jannisgehring/VSCode/coursework-pyres/PyRes/alternatingpath.py"", line 44>, callcount=1, reccallcount=0, totaltime=4.3167e-05, inlinetime=3.7546e-05), _lsprof.profiler_subentry(code=<code object construct_betweenclause_edges at 0x1371d5be0, file ""/Users/jannisgehring/VSCode/coursework-pyres/PyRes/alternatingpath.py"", line 55>, callcount=0, reccallcount=0, totaltime=0.0, inlinetime=0.0), _lsprof.profiler_subentry(code=<code object construct_nodes at 0x10ab215f0, file ""/Users/jannisgehring/VSCode/coursework-pyres/PyRes/alternatingpath.py"", line 34>, callcount=1, reccallcount=0, totaltime=6.85e-05, inlinetime=5.0332000000000005e-05), _lsprof.profiler_subentry(code=<code object get_rel_neighbourhood at 0x10ad1d230, file ""/Users/jannisgehring/VSCode/coursework-pyres/PyRes/alternatingpath.py"", line 101>, callcount=1, reccallcount=0, totaltime=0.0017800000000000001, inlinetime=6.2499e-05)]"
147,__init__,186,1,0,3.75e-07,3.75e-07,"<code object __init__ at 0x10aae0130, file ""/Users/jannisgehring/VSCode/coursework-pyres/PyRes/lexer.py"", line 186>",
161,__init__,155,1,0,2.5000000000000004e-07,2.5000000000000004e-07,"<code object __init__ at 0x10ab1ba50, file ""/Users/jannisgehring/VSCode/coursework-pyres/PyRes/clausesets.py"", line 155>",
162,__init__,61,1,0,4.1700000000000004e-07,4.1700000000000004e-07,"<code object __init__ at 0x10ab1be10, file ""/Users/jannisgehring/VSCode/coursework-pyres/PyRes/signature.py"", line 61>",
165,construct_nodes,34,1,0,6.85e-05,5.0332000000000005e-05,"<code object construct_nodes at 0x10ab215f0, file ""/Users/jannisgehring/VSCode/coursework-pyres/PyRes/alternatingpath.py"", line 34>","[_lsprof.profiler_subentry(code=<code object __init__ at 0x10ad3a790, file ""/Users/jannisgehring/VSCode/coursework-pyres/PyRes/alternatingpath.py"", line 9>, callcount=44, reccallcount=0, totaltime=8.545e-06, inlinetime=8.545e-06), _lsprof.profiler_subentry(code=""<method 'add' of 'set' objects>"", callcount=44, reccallcount=0, totaltime=9.623000000000001e-06, inlinetime=9.623000000000001e-06)]"
168,__init__,86,1,0,5.41e-07,5.41e-07,"<code object __init__ at 0x10acde560, file ""/Users/jannisgehring/VSCode/coursework-pyres/PyRes/fofspec.py"", line 86>",
172,clauses_to_nodes,76,1,0,1.2333e-05,1.0458e-05,"<code object clauses_to_nodes at 0x10acdfaa0, file ""/Users/jannisgehring/VSCode/coursework-pyres/PyRes/alternatingpath.py"", line 76>","[_lsprof.profiler_subentry(code=<code object get_all_nodes at 0x10ad31930, file ""/Users/jannisgehring/VSCode/coursework-pyres/PyRes/alternatingpath.py"", line 65>, callcount=1, reccallcount=0, totaltime=1.875e-06, inlinetime=1.875e-06)]"
189,nodes_to_clauses,68,1,0,3.8875e-05,1.6083000000000002e-05,"<code object nodes_to_clauses at 0x10ad192e0, file ""/Users/jannisgehring/VSCode/coursework-pyres/PyRes/alternatingpath.py"", line 68>","[_lsprof.profiler_subentry(code=<code object addClause at 0x10acde450, file ""/Users/jannisgehring/VSCode/coursework-pyres/PyRes/clausesets.py"", line 67>, callcount=46, reccallcount=0, totaltime=2.2084e-05, inlinetime=1.2371e-05), _lsprof.profiler_subentry(code=<code object __init__ at 0x10ab1b690, file ""/Users/jannisgehring/VSCode/coursework-pyres/PyRes/clausesets.py"", line 49>, callcount=1, reccallcount=0, totaltime=7.08e-07, inlinetime=7.08e-07)]"
227,__init__,61,1,0,6.375000000000001e-06,6.375000000000001e-06,"<code object __init__ at 0x10ad88030, file ""/Users/jannisgehring/VSCode/coursework-pyres/PyRes/saturation.py"", line 61>",
191,get_rel_neighbourhood,101,1,0,0.0017800000000000001,6.2499e-05,"<code object get_rel_neighbourhood at 0x10ad1d230, file ""/Users/jannisgehring/VSCode/coursework-pyres/PyRes/alternatingpath.py"", line 101>","[_lsprof.profiler_subentry(code=<code object nodes_to_clauses at 0x10ad192e0, file ""/Users/jannisgehring/VSCode/coursework-pyres/PyRes/alternatingpath.py"", line 68>, callcount=1, reccallcount=0, totaltime=3.8875e-05, inlinetime=1.6083000000000002e-05), _lsprof.profiler_subentry(code=<code object get_neighbours at 0x10a9eb830, file ""/Users/jannisgehring/VSCode/coursework-pyres/PyRes/alternatingpath.py"", line 87>, callcount=23, reccallcount=0, totaltime=0.001660999, inlinetime=0.000310555), _lsprof.profiler_subentry(code=<code object clauses_to_nodes at 0x10acdfaa0, file ""/Users/jannisgehring/VSCode/coursework-pyres/PyRes/alternatingpath.py"", line 76>, callcount=1, reccallcount=0, totaltime=1.2333e-05, inlinetime=1.0458e-05), _lsprof.profiler_subentry(code=<code object <lambda> at 0x10ad32230, file ""/Users/jannisgehring/VSCode/coursework-pyres/PyRes/alternatingpath.py"", line 79>, callcount=44, reccallcount=0, totaltime=5.2940000000000005e-06, inlinetime=5.2940000000000005e-06)]"
195,getNegatedConjectures,129,1,0,1.2167e-05,8.332000000000001e-06,"<code object getNegatedConjectures at 0x10ad28150, file ""/Users/jannisgehring/VSCode/coursework-pyres/PyRes/clausesets.py"", line 129>","[_lsprof.profiler_subentry(code=<code object <lambda> at 0x10ab1b960, file ""/Users/jannisgehring/VSCode/coursework-pyres/PyRes/clausesets.py"", line 130>, callcount=12, reccallcount=0, totaltime=3.5430000000000002e-06, inlinetime=3.5430000000000002e-06), _lsprof.profiler_subentry(code=<code object __init__ at 0x10ab1b690, file ""/Users/jannisgehring/VSCode/coursework-pyres/PyRes/clausesets.py"", line 49>, callcount=1, reccallcount=0, totaltime=2.92e-07, inlinetime=2.92e-07)]"
210,get_all_nodes,65,1,0,1.875e-06,1.875e-06,"<code object get_all_nodes at 0x10ad31930, file ""/Users/jannisgehring/VSCode/coursework-pyres/PyRes/alternatingpath.py"", line 65>",
213,isPred,95,1,0,1.66e-07,1.66e-07,"<code object isPred at 0x10ad38120, file ""/Users/jannisgehring/VSCode/coursework-pyres/PyRes/signature.py"", line 95>",
225,clausify,147,1,0,1.5958000000000002e-05,7.916e-06,"<code object clausify at 0x10ad68030, file ""/Users/jannisgehring/VSCode/coursework-pyres/PyRes/fofspec.py"", line 147>","[_lsprof.profiler_subentry(code=<code object __init__ at 0x10ab1b690, file ""/Users/jannisgehring/VSCode/coursework-pyres/PyRes/clausesets.py"", line 49>, callcount=1, reccallcount=0, totaltime=8.042e-06, inlinetime=8.042e-06)]"
226,saturate,201,1,0,0.0246835,1.9501000000000002e-05,"<code object saturate at 0x10ad74570, file ""/Users/jannisgehring/VSCode/coursework-pyres/PyRes/saturation.py"", line 201>","[_lsprof.profiler_subentry(code=<code object __len__ at 0x10aae3d30, file ""/Users/jannisgehring/VSCode/coursework-pyres/PyRes/clausesets.py"", line 61>, callcount=18, reccallcount=0, totaltime=1.9834e-05, inlinetime=1.8244e-05), _lsprof.profiler_subentry(code=<code object processClause at 0x155907e00, file ""/Users/jannisgehring/VSCode/coursework-pyres/PyRes/saturation.py"", line 143>, callcount=17, reccallcount=0, totaltime=0.0041748340000000005, inlinetime=0.00011024900000000001), _lsprof.profiler_subentry(code=<code object addClause at 0x10acde450, file ""/Users/jannisgehring/VSCode/coursework-pyres/PyRes/clausesets.py"", line 67>, callcount=1, reccallcount=0, totaltime=8.33e-07, inlinetime=6.240000000000001e-07), _lsprof.profiler_subentry(code=<code object addEval at 0x10ace18b0, file ""/Users/jannisgehring/VSCode/coursework-pyres/PyRes/clauses.py"", line 213>, callcount=1, reccallcount=0, totaltime=2.5000000000000004e-07, inlinetime=2.5000000000000004e-07)]"
273,__init__,121,1,0,0.000254,6.9570000000000005e-06,"<code object __init__ at 0x1560d3260, file ""/Users/jannisgehring/VSCode/coursework-pyres/PyRes/saturation.py"", line 121>","[_lsprof.profiler_subentry(code='<built-in method builtins.len>', callcount=1, reccallcount=0, totaltime=2.333e-06, inlinetime=1.6250000000000001e-06), _lsprof.profiler_subentry(code=<code object addClause at 0x10aac7210, file ""/Users/jannisgehring/VSCode/coursework-pyres/PyRes/clausesets.py"", line 163>, callcount=12, reccallcount=0, totaltime=0.000244168, inlinetime=2.3916000000000003e-05), _lsprof.profiler_subentry(code=<code object __init__ at 0x10ab1ba50, file ""/Users/jannisgehring/VSCode/coursework-pyres/PyRes/clausesets.py"", line 155>, callcount=1, reccallcount=0, totaltime=2.5000000000000004e-07, inlinetime=2.5000000000000004e-07), _lsprof.profiler_subentry(code=<code object __init__ at 0x10ab1b690, file ""/Users/jannisgehring/VSCode/coursework-pyres/PyRes/clausesets.py"", line 49>, callcount=1, reccallcount=0, totaltime=2.92e-07, inlinetime=2.92e-07)]"
